text,label,prelabeled,notes
"Hereditary is the best horror film of the last decade and it's not even close. Ari Aster understood that true horror comes from grief and family dysfunction, not jump scares.",hot_take,no,
Just got back from seeing Oppenheimer in IMAX and I am genuinely shaking. The Trinity test sequence is one of the most overwhelming things I've ever experienced in a theater.,reaction,no,
"Nolan's use of practical effects in Oppenheimer — real explosions, zero CGI for the test — fundamentally changes how the film communicates dread. You can feel the weight of something actual happening, which CGI counterfactuals can't replicate.",analysis,no,
The Dark Knight is not just a great superhero movie. It's a great crime film that happens to have a superhero in it. Heat and The Departed are its real genre siblings.,hot_take,no,
Finally watched Mulholland Drive for the first time after years of it sitting on my watchlist. I have no idea what I just saw but I can't stop thinking about it.,reaction,no,
"Lynch uses the Hollywood dream factory as a structural metaphor in Mulholland Drive — the film's first half is literally the dream Diane constructs to escape guilt, which is why it feels like a classic noir romance before it collapses. The Silencio scene is the rupture point where the dream mechanism is exposed.",analysis,no,
Parasite deserved every Oscar it won and it's frankly embarrassing it took this long for a non-English film to win Best Picture.,hot_take,no,
Just watched Parasite for the third time and I keep noticing new things. The smell motif runs through the entire film from the first scene and I completely missed it the first two viewings.,reaction,no,
"Bong Joon-ho uses vertical space throughout Parasite to encode class — the Parks live in a modernist house on a hill with maximum natural light, while the Kims' semi-basement sits below street level with a single window looking up at people's feet. Every major scene of class conflict is staged on stairs.",analysis,no,
Interstellar's third act completely ruins what should have been a near-masterpiece. The bookshelf scene is the most embarrassing sequence Nolan has ever put on screen.,hot_take,no,
"Watching Interstellar again with my dad who'd never seen it. When the video messages play and Cooper breaks down, my dad started crying. Forgot how much that scene hits.",reaction,no,
"The time dilation mechanics in Interstellar are used as an emotional device more than a scientific one — each hour on Miller's planet costs seven years on Earth, so the film literally makes time the villain. Cooper's grief is calibrated in orbital mechanics, not psychology.",analysis,no,
The Shawshank Redemption is the most overrated film in the history of cinema. It's competent filmmaking dressed up as profundity by nostalgia.,hot_take,no,
Rewatched The Shawshank Redemption last night and cried at the same two scenes I always cry at. Some movies just have a permanent hold on you.,reaction,no,
"Darabont's direction in Shawshank is deliberately unhurried — the 142-minute runtime is part of the point, mirroring how Red describes time moving in prison. The film makes you feel incarceration as duration before releasing you with Red.",analysis,no,
Tarantino peaked with Pulp Fiction and everything after has been diminishing returns. Once Upon a Time in Hollywood is the most self-indulgent movie a major director has ever released.,hot_take,no,
"Saw Once Upon a Time in Hollywood on a whim not knowing anything about it and was completely disarmed by how quiet and melancholy it is. Expected Tarantino violence, got something almost elegiac.",reaction,no,
Once Upon a Time in Hollywood functions as a revision of the Manson murders — Tarantino constructs an alternate 1969 where Hollywood's dream survives intact. The violence at the end is so compressed and swift precisely because the film has spent two hours making you love what was almost lost.,analysis,no,
Citizen Kane is a technically impressive museum piece that no one actually enjoys watching anymore. Its influence is real but treating it as a great film to experience is a critical consensus lie.,hot_take,no,EDGE CASE: Post makes a claim about film culture ('treating it as great is a critical consensus lie') which sounds argumentative. But no evidence or mechanism is offered — it asserts what 'no one' feels without support → hot_take.
I finally watched Citizen Kane for a class and I get why it's historically important but I genuinely struggled to stay engaged. Does it get better on a rewatch?,reaction,no,
"Welles uses deep focus photography in Citizen Kane to keep foreground and background in simultaneous sharp focus — most notably in the scene where Kane's parents sign him away while he plays in the snow outside. The boy is visible through the window the entire time, making his absence from the negotiation visually present.",analysis,no,
Everything Everywhere All at Once is the best film of the 2020s and it will not be surpassed. The Daniels made a masterpiece on a $14 million budget that puts every MCU film to shame.,hot_take,no,
Walked out of Everything Everywhere All at Once completely overwhelmed. Haven't felt that emotionally wrecked by a film since I was a teenager. The googly eyes got me.,reaction,no,
The multiverse mechanic in EEAAO isn't about spectacle — it's a visualization of immigrant parent psychology. Every alternate life Evelyn glimpses is a version of the regret and unlived potential her daughter experiences as pressure. The chaos is structured grief.,analysis,no,
The Godfather Part II is better than the original and it's not a debate. The Michael arc in Part II is one of the greatest character studies in any medium.,hot_take,no,
Watched The Godfather for the first time this weekend. I've been putting it off forever because of the hype. The hype is real. The baptism sequence is unlike anything.,reaction,no,
"Coppola intercuts the baptism scene in The Godfather against the murders of the rival family heads using a single continuous piece of organ music — the sacred ceremony and the executions share the same score, collapsing the distinction between Michael's public legitimacy and private criminality.",analysis,no,
Christopher Nolan is the most technically gifted emotionally shallow director working today. Every film he makes is a masterclass in construction and a failure of feeling.,hot_take,no,"EDGE CASE: Sounds analytical (two opposing claims about Nolan) but neither claim is argued — no film cited, no mechanism identified. Pure assertion of a contrarian take → hot_take."
Just finished watching Dunkirk on headphones in the dark at 2am. My heart rate was genuinely elevated for the last 40 minutes. Incredible sound design.,reaction,no,
"Nolan structures Dunkirk around three different time scales — one hour, one day, one week — that converge at the evacuation. The technique creates dramatic irony where the audience understands the full tactical picture that no single character can see, producing suspense from omniscience rather than mystery.",analysis,no,
Arrival is the smartest science fiction film made since 2001: A Space Odyssey. Denis Villeneuve made a film about linguistics that's secretly about grief and it works completely.,hot_take,no,
Saw Arrival in theaters not knowing the twist and the moment it clicked I actually gasped audibly. Felt embarrassed and then looked around and half the theater had done the same thing.,reaction,no,
"Villeneuve structures Arrival so that the non-linear Heptapod time perception mirrors the film's own editing — the flashbacks we assume are memories are grammatically identical to the flash-forwards, so the audience processes the twist using the same cognitive shift Louise makes when she learns Heptapod.",analysis,no,
The Social Network is the best film of the 2000s. Fincher and Sorkin created something that defined a decade in a way no other film did.,hot_take,no,
Rewatched The Social Network last night. The opening breakup scene is still one of the tightest pieces of screenplay writing I've ever seen. Sorkin in his absolute prime.,reaction,no,
"Fincher shoots The Social Network almost entirely in desaturated interiors with minimal natural light — Harvard in winter, server rooms, deposition conference rooms. The visual world of the film refuses warmth, which frames Zuckerberg's entire arc as a refusal of intimacy encoded in the production design.",analysis,no,
Mad Max: Fury Road is the greatest action film ever made and no one is close. Every shot is a painting and every car is a character.,hot_take,no,
Watched Fury Road again last night. Still can't believe Miller made this at 70. The practical stunt work holds up better than any CGI blockbuster from the same year.,reaction,no,
"Miller reverse-engineers Fury Road's action grammar — most Hollywood action establishes geography then cuts to close-ups during impact, losing spatial clarity. Miller keeps his cameras locked on the horizon line and uses wide shots during the most intense sequences, so you always know where every vehicle is relative to every other.",analysis,no,
Roma is a masterpiece and Alfonso Cuarón should have been allowed to release it exclusively in theaters. Netflix releasing it day-and-date was a crime against cinema.,hot_take,no,
Watched Roma at 1am on Netflix with the lights off and full volume. The sound mix alone is worth the watch — the street sounds create this immersive blanket of 1970s Mexico City.,reaction,no,
"Cuarón shoots Roma almost entirely in long, slow lateral tracking shots that follow characters across wide domestic spaces. The technique refuses close-up intimacy — we observe Cleo's emotional life from a middle distance that replicates her social position in the household, present but peripheral.",analysis,no,
Joker (2019) is the most overrated comic book film ever made. Todd Phillips made a Scorsese impression and critics rewarded him like he'd made something new.,hot_take,no,
"Saw Joker in theaters opening weekend and the audience energy was unlike anything I'd felt since The Dark Knight. Whatever you think of the film, Phoenix's performance is genuinely magnetic.",reaction,no,
"Phillips uses Scorsese's Taxi Driver and King of Comedy not just as visual references but as structural templates — both films follow socially isolated men who construct delusional heroic narratives. The question Joker asks is whether Arthur's story is real or another layer of fantasy, and it refuses to answer.",analysis,no,
Blade Runner 2049 is a better film than the original and the fact that it flopped at the box office is one of the great modern tragedies of Hollywood.,hot_take,no,
Watched Blade Runner 2049 for the second time and noticed things I completely missed the first time. The way it handles K's relationship to memory and identity is so patient.,reaction,no,
"Villeneuve and Deakins use extreme depth of field in 2049 to make K appear small within enormous environments — orange dust storms, flooded coastlines, white interrogation rooms. The visual grammar consistently dwarfs the protagonist, which is the point: K's identity crisis is encoded in his physical relationship to space.",analysis,no,
Midsommar is the best breakup movie ever made. It uses folk horror as a metaphor for emotional codependency and it's more accurate about that dynamic than any drama.,hot_take,no,EDGE CASE: Names a metaphor ('folk horror as codependency') but doesn't explain how the film mechanically enacts it. Superlative framing dominates. Removing the 'because' clause doesn't weaken the post's rhetorical force → hot_take by decision rule.
Just watched Midsommar alone at midnight and I am genuinely unsettled. The ambient dread Aster creates in broad daylight is more effective than anything I've seen in a dark horror film.,reaction,no,
"Aster shoots Midsommar almost entirely in daylight with minimal shadow, inverting horror's conventional grammar of darkness and concealment. The Swedish midsummer setting eliminates night entirely for stretches of the film — there is nowhere to hide, which makes the violence feel inevitable rather than shocking.",analysis,no,
The Matrix is still the greatest sci-fi action film ever made and nothing in 25 years has come close to replicating what the Wachowskis built.,hot_take,no,
Rewatched The Matrix for the first time since high school. The ideas hold up way better than I expected. The lobby shootout still goes insane.,reaction,no,
"The Wachowskis structured The Matrix's action grammar around two visual modes — the real world shot in cold blue-green desaturated tones, the Matrix in warm yellow. Every action sequence in the Matrix is stylized slow-motion because Neo is perceiving code, not physics — the bullet-time isn't stylistic excess, it's a visualization of his awakening perception.",analysis,no,
No Country for Old Men is a perfect film. The Coens made something so precise and cold that it basically defies criticism.,hot_take,no,
Watched No Country for Old Men last night for a film class. The coin toss scene at the gas station is one of the most quietly terrifying things I've ever watched.,reaction,no,
"The Coens strip No Country of conventional thriller resolution — Chigurh is never caught, Moss never escapes, and Sherriff Bell retires into incomprehension. The film refuses catharsis deliberately, which is McCarthy's point: evil in the modern world exceeds the moral grammar of the Western genre that Bell represents.",analysis,no,
Eternal Sunshine of the Spotless Mind is the most emotionally devastating film ever made about a relationship. Gondry and Kaufman made something genuinely irreplaceable.,hot_take,no,
Watched Eternal Sunshine last night after a breakup and made a mistake. Good film. Bad timing. Do not recommend.,reaction,no,
"Gondry shoots the memory erasure sequences in reverse chronological order within Joel's subjective experience — as the procedure goes deeper, we see earlier, happier memories, so the film's emotional arc is the inverse of the procedure's progress. The viewer falls in love with Clementine as Joel is trying to forget her.",analysis,no,
Tár is the best film of 2022 and it's not close. Cate Blanchett should have won every award available to a human being.,hot_take,no,
Just finished Tár and I need to sit with it for a while. The way it refuses to tell you how to feel about Lydia Tar is genuinely uncomfortable in the best way.,reaction,no,
"Todd Field shoots Tár with almost no score — a striking choice for a film about a conductor. The silence forces the audience into the same analytic listening position as Lydia herself, which makes the eventual collapse of her controlled world feel like an assault on the viewer's perceptual frame.",analysis,no,
There Will Be Blood is Daniel Day-Lewis's best performance in a career of best performances. Plainview is the great American villain.,hot_take,no,
Watched There Will Be Blood last night. The I drink your milkshake scene hits completely differently when you've watched the full 158 minutes of buildup. Nothing prepares you.,reaction,no,
PTA structures There Will Be Blood as a perversion of the American myth of self-made success — Plainview succeeds by every material measure while destroying every human relationship he forms. The film's final sequence is deliberately operatic because Day-Lewis is playing capitalism as performance art.,analysis,no,
Prisoners is the most underrated thriller of the last 20 years. Hugh Jackman gives the best performance of his career and barely anyone talks about it.,hot_take,no,
Finally watched Prisoners last night on a recommendation. The Gyllenhaal interrogation scenes are absolutely riveting. I was on the edge of my seat the entire back half.,reaction,no,
"Villeneuve and Deakins shoot Prisoners in almost continuous grey overcast light — Pennsylvania in November, perpetually on the edge of rain. The color palette refuses warmth at every turn, which keeps the moral universe of the film ambiguous. There is no visual language for right and wrong, only for urgency.",analysis,no,
"La La Land is a good movie pretending to be a great one. It gets by on charm and Gosling and Chazelle's genuine love for old Hollywood, but it doesn't hold up to scrutiny.",hot_take,no,"EDGE CASE: Gives mild justification ('gets by on charm and Gosling') but the reasoning is vague and impressionistic — no specific scene, technique, or structure cited. Borderline, but stays hot_take."
Saw La La Land in theaters opening week and the ending gutted me in a way I didn't expect. I went in expecting a feel-good musical.,reaction,no,
"Chazelle structures La La Land's ending as a 'what if' fantasy sequence using the same filmmaking vocabulary as the film's earlier dream sequences — but now they're tinged with grief because we know the other timeline. The film has taught us to read its visual grammar as joy, then uses it to deliver loss.",analysis,no,
Her is the most emotionally intelligent science fiction film ever made. Spike Jonze predicted what loneliness in the smartphone era would feel like before it happened.,hot_take,no,
Rewatched Her last night and found it 10x more devastating now than when I first saw it. The scene where Theodore reads letters for a living at the start hits totally differently in 2024.,reaction,no,
"Jonze shoots Her almost entirely in warm reds and pinks — Theodore's apartment, his office, his wardrobe — which frames his emotional world as genuinely tender rather than pathetic. The visual warmth makes Samantha's eventual departure feel like a violation of the film's own color grammar.",analysis,no,
Whiplash is the most intense film experience I've ever had in a theater. Chazelle made a film about music that functions as a psychological horror movie.,hot_take,no,
Watched Whiplash for the first time last night. By the final concert sequence I had forgotten to breathe. The editing is insane.,reaction,no,
"Chazelle and editor Tom Cross cut the final Whiplash concert sequence to musical rhythm rather than dialogue or action beats — the cuts land on snare hits. The technique makes the audience feel Fletcher's time-keeping tyranny physically, pulling the viewer into Neiman's perspective involuntarily.",analysis,no,
The Lighthouse is a pretentious mess that mistakes ambiguity for depth. Robert Eggers makes beautiful images in service of nothing coherent.,hot_take,no,
Watched The Lighthouse alone at 2am and genuinely felt like I was going insane by the end. Whether that's a compliment or a complaint I honestly can't decide.,reaction,no,
"Eggers shoots The Lighthouse in the 1.19:1 aspect ratio — nearly square — which was standard for early silent film but feels claustrophobic to a modern eye. The format traps both characters and the viewer in the frame, making the island's enclosure felt rather than described.",analysis,no,
Portrait of a Lady on Fire is the most romantic film of the last decade. Sciamma made something so precise and restrained that it's more emotionally overwhelming than any conventional love story.,hot_take,no,
Just finished Portrait of a Lady on Fire. The look-back scene at the end is the most powerful use of a single held shot I've seen in recent cinema.,reaction,no,
"Sciamma builds Portrait around the gaze as a formal device — the film is about a painter studying a subject who learns she is being painted, so looking and being looked at carries explicit power dynamics. The film's climax reverses who holds the gaze permanently.",analysis,no,
Apocalypse Now is the greatest film about war ever made and it's not a competition. Coppola made something that goes beyond cinema into something almost liturgical.,hot_take,no,
"Watched Apocalypse Now Redux for the first time. The French plantation scene is bizarre and I'm still not sure it works, but the film as a whole is overwhelming.",reaction,no,
"Coppola structures Apocalypse Now as a literal descent — Willard travels upriver, deeper into jungle, further from American institutional logic, toward Kurtz. The geography of the journey is a psychological map of what the Vietnam War did to American moral clarity.",analysis,no,
2001: A Space Odyssey is the most important film ever made and also one of the most boring. Kubrick achieved something singular and I never want to watch it again.,hot_take,no,
Watched 2001 for a film class and the Stargate sequence hit different on a projector with full surround sound than it does on a laptop. Some films are genuinely made for a specific experience.,reaction,no,
"Kubrick deliberately withholds explanation in 2001 — HAL's malfunction is never fully diagnosed, the Monolith's function is never stated, the Star Child's meaning is never resolved. The film models the experience of encountering genuine unknowability, which is its subject.",analysis,no,
Dune Part 2 is the best blockbuster of the decade and Hans Zimmer's score alone should be studied in film schools.,hot_take,no,
Saw Dune Part 2 opening weekend in IMAX. The arena scene is one of the most viscerally overwhelming sequences I've experienced in a theater in years.,reaction,no,
Villeneuve shoots Giedi Prime in high-contrast black-and-white using UV-reflective costumes and a UV lens filter — creating a visual world that looks like a photographic negative. The technique makes the Harkonnen homeworld feel genuinely alien at a material level rather than just through set design.,analysis,no,
Poor Things is the most original film of 2023 and Emma Stone gives a performance that belongs in any conversation about the greatest screen performances.,hot_take,no,
Just watched Poor Things. The fish-eye lens cinematography takes getting used to but by the end it felt completely natural. Lanthimos has created his own visual language.,reaction,no,
"Lanthimos and cinematographer Robbie Ryan use fish-eye lenses throughout Poor Things, distorting the edges of the frame. The technique literalizes Bella's distorted worldview — she is perceiving reality with a brain that is still developing, and the image is warped accordingly.",analysis,no,
Killers of the Flower Moon is Scorsese's masterpiece and the best film about American history ever made. Anyone who found it too long missed the point.,hot_take,no,
Watched Killers of the Flower Moon over two nights. The scene where Mollie realizes Ernest knew is one of the most quietly devastating moments Scorsese has ever staged.,reaction,no,
"Scorsese shoots Killers from Ernest's perspective rather than Mollie's, despite Mollie being the victim — forcing the audience to inhabit complicity rather than observe it. The choice is politically deliberate: American cinema has always told this story from the white gaze, and Scorsese refuses to pretend otherwise by making it uncomfortable.",analysis,no,
Past Lives is the best film of 2023. Celine Song made a debut film that most directors couldn't make in a lifetime.,hot_take,no,
Watched Past Lives last night. The bar scene at the end destroyed me. Three people sitting at a table and it's more emotionally complex than most films manage in two hours.,reaction,no,
"Song structures Past Lives around three time periods separated by exactly 12 years — the Korean gap between significant life transitions. The structure makes the audience feel duration: we understand that Nora and Hae Sung's connection has survived across real, substantial time, which is what makes the final encounter so weighted.",analysis,no,
The Holdovers is the best feel-good movie in years. Paul Giamatti should have won the Oscar and it's a genuine injustice that he didn't.,hot_take,no,
Watched The Holdovers on a sick day and it was exactly what I needed. Giamatti and Dominic Sessa have one of the best odd-couple dynamics I've seen in years.,reaction,no,
Payne shoots The Holdovers with a deliberately retro grain and color palette — the film is set in 1970 and looks like it was actually shot in 1970. The technique isn't nostalgia but immersion: the aesthetic choices refuse to let the audience watch from a contemporary distance.,analysis,no,
Oppenheimer should have won Best Picture and it winning was the right outcome. It's the most ambitious mainstream film since Dunkirk.,hot_take,no,
Saw Oppenheimer twice in theaters. The second viewing is completely different once you know what Strauss is doing the entire time. It's almost a different film.,reaction,no,
"Nolan structures Oppenheimer in two color modes — Oppenheimer's subjective sections in color, Strauss's hearing in black and white. The distinction is epistemological: color represents lived experience, black and white represents institutional record. The film is about which mode gets to define historical truth.",analysis,no,
Barbie (2023) is a better film than it had any right to be. Gerwig smuggled genuine feminist critique into a toy commercial and somehow made it work.,hot_take,no,
Saw Barbie opening night with a packed theater. The energy in the room was unlike anything I'd experienced since maybe Avengers Endgame. When America Ferrera's monologue started the silence was total.,reaction,no,
"Gerwig uses Barbieland's saturated color palette as a trap — the pinks and perfections of the opening sequence are framed as paradise, but the film immediately begins to destabilize them. By the time Barbie arrives in the real world, the visual shift to naturalistic color is a philosophical argument about what reality costs.",analysis,no,
Zone of Interest is the most important film of 2023 and Glazer made something that will be studied for decades. It's not entertainment — it's an ethical confrontation.,hot_take,no,
Watched Zone of Interest alone last night. I've never felt more uncomfortable during a film that shows almost nothing. The sound design is the entire horror.,reaction,no,
"Glazer positions the Höss household as a domestic idyll — garden parties, children swimming, vegetables growing — while the sounds of Auschwitz bleed over the wall continuously. The film refuses to show the camp because showing it would risk spectacularization; the audio creates the horror while the image refuses to consume it.",analysis,no,
Alien is still the greatest sci-fi horror film ever made and every sequel has been a diminishment. Ridley Scott should have left it alone after the first film.,hot_take,no,
Watched Alien for the first time last night. The chestburster scene still works 45 years later. The cast's reactions were real because Scott didn't tell them what was going to happen.,reaction,no,
"Scott and O'Bannon use the Nostromo's cramped corridors as a formal constraint — the xenomorph is more often suggested than shown, glimpsed in steam or half-lit at the edge of frame. The horror is calibrated to the ship's geometry: the alien is dangerous because you can't see the whole space at once.",analysis,no,
"Drive (2011) is the most stylish film of the 2010s and Ryan Gosling's performance is almost entirely non-verbal, which makes it better than anything he's done with dialogue.",hot_take,no,
Rewatched Drive last night. The elevator scene goes from the most romantic moment in the film to the most violent in about 90 seconds and somehow both feel completely real.,reaction,no,
"Refn structures Drive around the gap between the Driver's interior life and his surface presentation — we never learn his name, his history, or his motivation. The film withholds backstory deliberately, which means every action sequence carries full ambiguity: is this heroism or pathology?",analysis,no,
Annihilation is the most genuinely unsettling science fiction film since 2001. Garland made something that gets more disturbing the more you think about it.,hot_take,no,
Just finished Annihilation and I genuinely don't know what I watched. The lighthouse sequence is one of the most disturbing things I've seen. I need to go outside.,reaction,no,
"Garland and Seamus McGarvey shoot the Shimmer's interior with increasingly distorted naturalism — the colors are too saturated, the plant life too symmetrical, the light too even. The visual uncanny builds gradually so that by the lighthouse sequence, the audience has lost its baseline for 'normal' without noticing.",analysis,no,
"Spirited Away is the greatest animated film ever made and it's not Pixar, it's not Disney, and Americans still haven't fully processed what Miyazaki achieved.",hot_take,no,
"Watched Spirited Away with my niece who'd never seen it. Seeing her face during the train sequence — that quiet, mysterious ride over the water — reminded me why this film is so special.",reaction,no,
"Miyazaki structures the spirit world in Spirited Away around labor — every spirit has a function, every function has a hierarchy, and Chihiro survives by learning to work. The bathhouse isn't just a fantastical backdrop; it's a Marxist parable about a child learning that the adult world runs on service.",analysis,no,
Paddington 2 is a better film than any Best Picture winner from the same year. It is genuinely one of the most purely pleasurable films ever made.,hot_take,no,
Watched Paddington 2 with my kids for the fourth time and I cried again at the same scene. Some films just have an unerring emotional accuracy.,reaction,no,
"King uses color in Paddington 2 as a direct index of the Brown family's emotional state — their house and neighborhood are saturated in warm reds and yellows, which drain from the palette when Paddington is imprisoned. The film's resolution is as much a color restoration as a narrative one.",analysis,no,
The Father (2020) is the most emotionally devastating film I've seen in the last decade. Hopkins gave the performance of his generation and the Academy got one right for once.,hot_take,no,
Watched The Father last night not knowing anything about it. By the third time the apartment changed I realized what was happening and I felt sick. Extraordinary filmmaking.,reaction,no,
"Zeller adapts his own stage play by using the apartment's spatial inconsistency as a formal strategy — rooms shift between scenes, the decor changes, family members are played by different actors. The audience experiences Anthony's dementia as disorientation rather than being told about it.",analysis,no,
Moonlight is a perfect film. Barry Jenkins made something so precise and humane that criticizing it feels almost beside the point.,hot_take,no,
Watched Moonlight for a class and the diner scene in the final third hit me harder than almost anything I've seen this year. The restraint of it is overwhelming.,reaction,no,
"Jenkins and James Laxton use shallow focus and handheld close-ups throughout Moonlight to create intimacy — we are always in Chiron's physical and emotional proximity, never observing him from a comfortable analytical distance. The camera refuses the detachment that the film's social world imposes on him.",analysis,no,
"The Favourite is Lanthimos's best film and it's not close. Olivia Colman, Rachel Weisz and Emma Stone give three of the best performances of the decade in a film that makes you feel dirty for enjoying it.",hot_take,no,
Watched The Favourite last night. The fish-eye lens shots kept pulling me in and out of the story in a way I eventually just surrendered to.,reaction,no,
Lanthimos uses the fish-eye lens in The Favourite for court scenes — the wide distortion mimics the paranoid surveillance of a royal court where everyone is watched and watching. The technique is deployed selectively enough that its appearance signals a shift in power dynamics before the characters register it.,analysis,no,
Inside Llewyn Davis is the Coens' best film and the fact that it's not discussed alongside No Country and Fargo is a genuine critical failure.,hot_take,no,
First time watching Inside Llewyn Davis last night. The circular structure only clicked for me when it was over and then I sat there for five minutes not moving.,reaction,no,
"The Coens structure Inside Llewyn Davis as a closed loop — it begins and ends at the same moment, suggesting that Llewyn's failure is not circumstantial but structural. He is not unlucky; he is constitutionally unsuited to the compromises that commercial success requires, which the film treats with sympathy rather than condemnation.",analysis,no,
"Hereditary, Midsommar, and The Witch are the holy trinity of modern elevated horror and Ari Aster and Robert Eggers are the two most important horror directors of their generation.",hot_take,no,
Watched The Witch for the first time last night and I found it genuinely disturbing in a way modern horror rarely manages. The slow accumulation of dread is extraordinary.,reaction,no,
"Eggers shoots The Witch with natural and candlelight only — no artificial fill lighting. The visual result is a 17th-century Puritan world where darkness is literal and pervasive, which makes the supernatural feel materially possible rather than genre-conventional.",analysis,no,
The Banshees of Inisherin is Martin McDonagh's masterpiece and Colin Farrell's career-best performance. The film is about the Irish Civil War and also about friendship and also about art and also about mortality and it holds all of it simultaneously.,hot_take,no,
Just watched Banshees of Inisherin and the ending sat with me all night. Something about the way it refuses a conventional resolution feels true to something I can't articulate.,reaction,no,
"McDonagh uses the island's geography as a political metaphor — Inisherin is small enough that Pádraic and Colm cannot avoid each other, mirroring how the Irish Civil War forced communities to live alongside unresolvable conflict. The mainland war is always audible in the distance, never named, permanently present.",analysis,no,
Three Billboards Outside Ebbing Missouri is a deeply confused film that mistakes cruelty for complexity. McDonagh thinks provocative is the same as profound.,hot_take,no,
Watched Three Billboards for the first time. Frances McDormand is extraordinary in it but I'm still not sure the film knows what it wants to say.,reaction,no,
"McDonagh structures Three Billboards around characters who begin at moral extremes and move toward each other without resolution — Mildred becomes more vulnerable, Dixon becomes less violent, but neither reaches the opposite position. The film's refusal of redemption arcs is intentional, though whether the characters' changes earn that ambiguity is debatable.",analysis,no,
Coda winning Best Picture over Drive My Car and Power of the Dog was one of the worst Oscar outcomes in decades. The Academy failed completely that year.,hot_take,no,
Watched Drive My Car after seeing it mentioned everywhere and the scene in the car where Misaki finally talks about her mother is one of the most quietly devastating things in recent cinema.,reaction,no,
"Hamaguchi uses the confined space of Kafuku's car as a confessional — it's the one place where characters are captive to each other's presence without the option of departure. The three-hour runtime is calibrated to the drive, which makes the car a metaphor for cinema itself: duration as the mechanism of emotional truth.",analysis,no,
Saint Maud is the best British horror film in decades. Rose Glass made a debut feature that most directors couldn't achieve in a lifetime.,hot_take,no,
Watched Saint Maud alone at night not knowing much about it. The final image is one of the most genuinely shocking things I've seen in recent horror. Completely unprepared.,reaction,no,
"Glass shoots Maud's religious ecstasy using the same visual grammar as her dissociation — tilted angles, distorted color temperature, shallow focus. The technique refuses to distinguish between genuine mystical experience and mental illness, which is precisely the film's theological question.",analysis,no,
The Menu is the most fun I've had in a theater in years. Ralph Fiennes is terrifying and funny simultaneously and the film never loses either register.,hot_take,no,
Saw The Menu opening night. The tortilla scene landed the joke so perfectly that the entire theater went from dead silence to laughter to uncomfortable silence in about 15 seconds.,reaction,no,
"Mylod shoots the kitchen and dining room in The Menu with the visual grammar of high-end food photography — clinical, pristine, symmetrical — until the violence begins to contaminate the frame. The film uses its own aesthetic against itself.",analysis,no,
Aftersun is the most devastating film of 2022 and Paul Mescal gives a performance that you feel rather than observe. Charlotte Wells made something extraordinary on a tiny budget.,hot_take,no,
Watched Aftersun on a flight and cried for the last 20 minutes while trying not to let anyone see. Something about it hit a very specific kind of grief I didn't have a name for.,reaction,no,
Wells structures Aftersun around Sophie's adult reconstruction of a holiday she didn't fully understand as a child — the handheld home video footage and the formal film image represent two temporal positions simultaneously. The horror of the film is that the audience understands what Sophie is only beginning to comprehend.,analysis,no,
All Quiet on the Western Front (2022) is the best war film since Saving Private Ryan and it should have beaten Everything Everywhere for Best International Film.,hot_take,no,
"Watched All Quiet on the Western Front last night. The final 20 minutes, after the armistice is signed, are some of the most brutal filmmaking I've seen in a mainstream film.",reaction,no,
"Berger structures the 2022 All Quiet around a clock — the armistice is signed at 11am, and Paul dies minutes before it takes effect. The film makes the waste of his death arithmetical: every minute of the final sequence is a countdown to a survival that arrives one moment too late.",analysis,no,
RRR is the most purely enjoyable film I've seen in years. Rajamouli understands cinematic spectacle better than anyone working in Hollywood right now.,hot_take,no,
Watched RRR with a group of people who'd never seen Indian cinema and the Naatu Naatu scene caused a complete eruption. Best group viewing experience I've had in years.,reaction,no,
"Rajamouli structures RRR's central friendship as a mythological pairing — Bheem is associated with water, Ram with fire, and their visual representation throughout the film maintains these elemental codes. The friendship's eventual conflict is staged as a literal elemental clash before resolution.",analysis,no,
The Shining is a perfect film and Jack Nicholson's performance is both one of the greatest and most misunderstood in cinema. People who think he's over the top missed the point.,hot_take,no,
Rewatched The Shining last night. The hedge maze sequence at the end is one of the most purely cinematic sequences Kubrick ever shot. The sound design alone.,reaction,no,
Kubrick shoots the Overlook using Steadicam in long tracking shots that follow Danny through corridors — the camera moves with the same mechanical inevitability as the hotel itself. The technique makes the building feel like an organism and Danny's movement through it feel like circulation rather than exploration.,analysis,no,
Fargo is the Coens at their absolute best. The contrast between Marge's decency and the idiotic evil around her is one of the great structural achievements in American cinema.,hot_take,no,
"Watched Fargo for a class. Frances McDormand's Marge is such a specific, lived-in performance that she makes everyone else in the film seem like they're from a different movie — which I think is exactly the point.",reaction,no,
"The Coens shoot Fargo in flat, overlit Minnesota winter — grey sky, white ground, fluorescent interiors. The visual world refuses aesthetic drama, which makes the violence feel even more jarring when it arrives. Marge's competence is also visual: she is the only character who looks exactly right in this environment.",analysis,no,
Certified Copy is one of the greatest films about marriage and identity ever made and Kiarostami is criminally underrated in Western film discourse.,hot_take,no,
Watched Certified Copy and spent the whole film trying to figure out if they were a real couple or not. Realized by the end that the film's power depends on not resolving that question.,reaction,no,
"Kiarostami structures Certified Copy around the genuine/copy ambiguity — the film refuses to clarify whether James and Elle are strangers performing marriage or a married couple performing strangers. Both readings are simultaneously valid, which makes the film's subject its own form: a copy that is as real as any original.",analysis,no,
Cache (Hidden) is the most politically relevant French film of the last 30 years. Haneke made a film about French colonial guilt that the French film establishment still hasn't fully reckoned with.,hot_take,no,
Watched Cache for the first time last night. The ending is one of the most quietly devastating final shots I've encountered. I've been staring at frame grabs for an hour.,reaction,no,
"Haneke shoots Cache's surveillance footage in the same visual register as the film's own cinematography — same camera, same framing, same color grade. The technique implicates the viewer: if you can't tell the difference between the threatening footage and the film you're watching, you are also a surveiller.",analysis,no,
Promising Young Woman is the most overrated film of 2020. The film thinks it's more radical than it is and the ending is a moral and narrative failure.,hot_take,no,
Watched Promising Young Woman not knowing the ending. The tonal shift in the final 20 minutes is genuinely jarring in a way that made me uncomfortable with myself for being jarred.,reaction,no,
"Fennell uses candy-colored saturated cinematography throughout Promising Young Woman to place the film in the visual grammar of romantic comedy — pink, sweet, soft-focus. The genre subversion is aesthetic before it's narrative: the horror is encoded in the gap between what the film looks like and what it's about.",analysis,no,
Short Term 12 is the best film almost no one has seen. Brie Larson's performance should have made her a household name years before Room and the MCU.,hot_take,no,
Watched Short Term 12 on a recommendation. The scene where Marcus raps to Larson's character is one of the most quietly devastating sequences I've encountered in a small-scale film.,reaction,no,
"Cretton shoots Short Term 12 with a handheld naturalism that refuses emotional manipulation — no score swells, no extreme close-ups during breakdowns, no cathartic resolution. The restraint respects both the characters and the audience's intelligence about the limits of institutional care.",analysis,no,
"Boyhood is overrated and the fact that it was made over 12 years is a production achievement, not a cinematic one. Linklater confused duration with depth.",hot_take,no,
Rewatched Boyhood now that I'm the same age Mason is at the end. It hits completely differently than it did when I was younger. The film genuinely grows with you.,reaction,no,
"Linklater shoots Boyhood with a consistent visual register across 12 years — same lenses, same naturalistic lighting, same unhurried pace — so the passage of time is felt through the actors' bodies rather than through stylistic shift. The film refuses the visual grammar of nostalgia to show aging as it actually occurs: imperceptibly.",analysis,no,
A Ghost Story is the most underrated film of the 2010s. Lowery made something about grief and time that has no comparison in contemporary American cinema.,hot_take,no,
Watched A Ghost Story alone late at night and the pie scene destroyed me. I kept checking how long the scene was afterward. It's four minutes. It felt like a lifetime.,reaction,no,
"Lowery shoots A Ghost Story in a 1.33:1 aspect ratio with rounded corners — the Academy format associated with early cinema. The choice frames the film as a memory artifact from the start, which mirrors its subject: the ghost's vigil is an act of cinematic preservation against time.",analysis,no,
Shoplifters is Kore-eda's best film and one of the most humane films of the decade. The family it depicts is more of a family than any conventional family in mainstream cinema.,hot_take,no,
Watched Shoplifters for the first time last night. The interrogation sequence at the end reframes everything you've watched and I found myself grieving something I couldn't name.,reaction,no,
Kore-eda withholds the Shibata family's backstory until the film's final act — we understand their warmth and function before we understand their origin. The delayed revelation changes the moral register of everything that preceded it without canceling the emotional reality of what we observed.,analysis,no,
Burning (2018) is Lee Chang-dong's masterpiece and one of the greatest films of the decade. It's the kind of film that keeps expanding in your mind for weeks after watching.,hot_take,no,
Watched Burning last night and spent the entire second half unsure of what I was watching in the best possible way. The greenhouse scene is haunting.,reaction,no,
"Lee structures Burning around ambiguity as an epistemological condition rather than a thriller device — we never know whether Ben actually burns greenhouses, and the film refuses to provide evidence either way. Jong-su's unreliability as a narrator is the film's subject: how much of what we see is desire-projection versus reality?",analysis,no,
The Wailing is the greatest Korean horror film ever made and Na Hong-jin is criminally underrated outside of Korea. The final act is genuinely the most disturbing thing I've encountered in horror.,hot_take,no,
Watched The Wailing last night after years of hearing about it. Totally unprepared for how completely it dismantles your interpretive confidence by the end.,reaction,no,
"Na Hong-jin structurally undermines every framework the audience reaches for in The Wailing — the film flirts with possession horror, then supernatural thriller, then procedural, and refuses to commit to any. By the final act, the audience's interpretive disorientation mirrors the protagonist's: we cannot tell the shaman from the demon.",analysis,no,
Portrait of a Lady on Fire should have been in the Best Picture race at the Oscars. The Academy's continued indifference to non-English cinema is embarrassing.,hot_take,no,
Rewatched Portrait of a Lady on Fire this week and cried again at the concert scene even knowing it was coming. Some sequences just bypass rational processing entirely.,reaction,no,
Sciamma shoots the concert scene in Portrait of a Lady on Fire with Marianne in the foreground and Héloïse visible in the background — Marianne sees Héloïse before Héloïse sees her. The spatial arrangement mirrors the entire relationship: the painter's gaze always precedes and shapes its object.,analysis,no,
Requiem for a Dream is the most punishing film ever made and Aronofsky earned the right to be brutal because every frame is in service of the devastation.,hot_take,no,
Watched Requiem for a Dream for the first time last night. I need about three weeks to recover. I understand now why people say you can only watch it once.,reaction,no,
Aronofsky and editor Jay Rabinowitz use 'hip-hop montage' — rapid split-screen sequences cutting between anticipation and gratification — to make the viewer experience the dopamine spike of drug use rhythmically. The technique makes addiction visceral before it makes it tragic.,analysis,no,
Uncle Boonmee Who Can Recall His Past Lives is the most genuinely spiritual film I've encountered. Weerasethakul makes films that exist outside of Western narrative conventions entirely.,hot_take,no,
Watched Uncle Boonmee for a film class and honestly I'm not sure I understood it but something about it stayed with me for days in a way few films manage.,reaction,no,
"Weerasethakul treats the supernatural in Uncle Boonmee with the same casual visual register as the natural — a ghost appears at dinner and the scene continues without formal disruption. The film refuses the grammar of horror or fantasy for these encounters, proposing instead that the spirit world and the material world share continuous, unhierarchized space.",analysis,no,
Yi Yi is one of the ten greatest films ever made and Edward Yang is the most important filmmaker most people have never heard of.,hot_take,no,
Watched Yi Yi over two sessions. The final sequence — the little boy's speech at the grandmother's funeral — is one of the most quietly overwhelming things in cinema.,reaction,no,
"Yang shoots Yi Yi with long takes and blocked scenes observed from a distance — we watch the Jian family from the same remove that the film maintains throughout, never entering their interiority directly. The three-hour runtime earns the final funeral sequence by having shown us everything NJ and his family have been unable to say.",analysis,no,
The Northman is Alexander Skarsgård's best performance and it's a shame the film underperformed. Eggers made an authentic Viking epic that Hollywood would never have greenlit.,hot_take,no,
Watched The Northman last night. The ritualistic sequences feel genuinely ancient in a way that most period films never manage. Eggers clearly did his research.,reaction,no,
Eggers shoots The Northman using natural and firelight only for interior scenes — same methodology as The Witch. The visual world has an archaeological authenticity that CGI-heavy period films can't replicate: the textures are real because the materials are real.,analysis,no,
Women Talking is one of the most important films of 2022 and Sarah Polley should be counted among the best directors working today.,hot_take,no,
"Watched Women Talking last night expecting it to be heavy and it was, but Polley keeps it from being crushing. The performances are extraordinary.",reaction,no,
"Polley deliberately shoots Women Talking with desaturated, almost colorless cinematography — the barn and the women's world are drained of warmth. The visual deprivation is part of the argument: this is what a world looks like when women's experience is systematically minimized.",analysis,no,
The Power of the Dog is Jane Campion's masterpiece and Benedict Cumberbatch gives the best performance of his career. The film's patience is the point.,hot_take,no,
Watched The Power of the Dog finally. The film reveals itself so slowly and then the ending recontextualizes everything so completely that I had to just sit for a while.,reaction,no,
"Campion and Ari Wegner shoot The Power of the Dog in the Montana landscape with Phil always visually dominant — he occupies high ground, wide open space, panoramic frames. Peter is shot in interior, constrained spaces. The shift in the final act, where Peter's environment expands and Phil's contracts, is the film's argument made spatially.",analysis,no,
Everything about Anatomy of a Fall works perfectly. Justine Triet made a film about a trial that's really about the unknowability of marriage.,hot_take,no,
Watched Anatomy of a Fall. The German/French language dynamic in the marriage is so specifically observed that it felt like eavesdropping on something real.,reaction,no,
"Triet structures Anatomy of a Fall as a legal procedure, which means the audience is placed in the jury position — evaluating testimony, weighing contradictions, reaching a verdict with incomplete information. The film's genius is that reasonable people can watch the same evidence and reach opposite conclusions.",analysis,no,
